<?xml version="1.0" encoding="UTF-8"?>
<!-- edited with XMLSpy v2010 rel. 2 (http://www.altova.com) by Len Gallagher (NIST) -->
<ccr:ContinuityOfCareRecord xsi:schemaLocation="urn:astm-org:CCR CCRV1.xsd" xmlns:xsi="http://www.w3.org/2001/XMLSchema-instance" xmlns:ccr="urn:astm-org:CCR">
	<ccr:CCRDocumentObjectID>CCR_AMBv11_DS01</ccr:CCRDocumentObjectID>
	<ccr:Language>
		<ccr:Text>US English</ccr:Text>
		<ccr:Code>
			<ccr:Value>en-US</ccr:Value>
		</ccr:Code>
	</ccr:Language>
	<ccr:Version>V1.0</ccr:Version>
	<ccr:DateTime>
		<ccr:ExactDateTime>2010-03-25T13:15:00-05:00</ccr:ExactDateTime>
	</ccr:DateTime>
	<ccr:Patient>
		<ccr:ActorID>PatientID_1</ccr:ActorID>
	</ccr:Patient>
	<ccr:From>
		<ccr:ActorLink>
			<ccr:ActorID>AuthorID_01</ccr:ActorID>
			<ccr:ActorRole>
				<ccr:Text>Personal Physician</ccr:Text>
			</ccr:ActorRole>
		</ccr:ActorLink>
	</ccr:From>
	<ccr:To>
		<ccr:ActorLink>
			<ccr:ActorID>RecipientID_01</ccr:ActorID>
			<ccr:ActorRole>
				<ccr:Text>Interested Party</ccr:Text>
			</ccr:ActorRole>
		</ccr:ActorLink>
	</ccr:To>
	<ccr:Purpose>
		<ccr:Description>
			<ccr:Text>Transfer of Care</ccr:Text>
		</ccr:Description>
	</ccr:Purpose>
	<ccr:Body>
		<ccr:Problems>		
                       <ccr:Problem>
				<ccr:CCRDataObjectID>ProbID_1</ccr:CCRDataObjectID>
				<ccr:DateTime>
					<ccr:ApproximateDateTime>
						<ccr:Text>1/9/10</ccr:Text>
					</ccr:ApproximateDateTime>
				</ccr:DateTime>
				<ccr:Type>
					<ccr:Text>Diagnosis</ccr:Text>
				</ccr:Type>
				<ccr:Description>
					<ccr:Text>Cerebrovascular Accident (Stroke)</ccr:Text>
					<ccr:Code>
						<ccr:Value>434.91</ccr:Value>
						<ccr:CodingSystem>ICD9-CM</ccr:CodingSystem>
					</ccr:Code>
					<ccr:Code>
						<ccr:Value>230690007</ccr:Value>
						<ccr:CodingSystem>SNOMED CT</ccr:CodingSystem>
					</ccr:Code>
				</ccr:Description>
				<ccr:Status>
					<ccr:Text>Resolved</ccr:Text>
				</ccr:Status>
				<ccr:Source>
					<ccr:Actor>
						<ccr:ActorID>AuthorID_01</ccr:ActorID>
					</ccr:Actor>
				</ccr:Source>
			</ccr:Problem>
			
                         <ccr:Problem>
				<ccr:CCRDataObjectID>ProbID_2</ccr:CCRDataObjectID>
				<ccr:DateTime>
					<ccr:ApproximateDateTime>
						<ccr:Text>2/22/08</ccr:Text>
					</ccr:ApproximateDateTime>
				</ccr:DateTime>
				<ccr:Type>
					<ccr:Text>Diagnosis</ccr:Text>
				</ccr:Type>
				<ccr:Description>
					<ccr:Text>Congestive Heart Failure</ccr:Text>
					<ccr:Code>
						<ccr:Value>428.0</ccr:Value>
						<ccr:CodingSystem>ICD9-CM</ccr:CodingSystem>
					</ccr:Code>
					<ccr:Code>
						<ccr:Value>42343007</ccr:Value>
						<ccr:CodingSystem>SNOMED CT</ccr:CodingSystem>
					</ccr:Code>
				</ccr:Description>
				<ccr:Status>
					<ccr:Text>Active</ccr:Text>
				</ccr:Status>
				<ccr:Source>
					<ccr:Actor>
						<ccr:ActorID>AuthorID_01</ccr:ActorID>
					</ccr:Actor>
				</ccr:Source>
			</ccr:Problem>
		
                        <ccr:Problem>
				<ccr:CCRDataObjectID>ProbID_3</ccr:CCRDataObjectID>
				<ccr:DateTime>
					<ccr:ApproximateDateTime>
						<ccr:Text>9/16/07</ccr:Text>
					</ccr:ApproximateDateTime>
				</ccr:DateTime>
				<ccr:Type>
					<ccr:Text>Diagnosis</ccr:Text>
				</ccr:Type>
				<ccr:Description>
					<ccr:Text>Acute Myocardial Infarction</ccr:Text>
					<ccr:Code>
						<ccr:Value>410.90</ccr:Value>
						<ccr:CodingSystem>ICD9-CM</ccr:CodingSystem>
					</ccr:Code>
					<ccr:Code>
						<ccr:Value>57054005</ccr:Value>
						<ccr:CodingSystem>SNOMED CT</ccr:CodingSystem>
					</ccr:Code>
				</ccr:Description>
				<ccr:Status>
					<ccr:Text>Resolved</ccr:Text>
				</ccr:Status>
				<ccr:Source>
					<ccr:Actor>
						<ccr:ActorID>AuthorID_01</ccr:ActorID>
					</ccr:Actor>
				</ccr:Source>
			</ccr:Problem>
		

</ccr:Problems>
		


                 <ccr:Alerts>
			<ccr:Alert>
				<ccr:CCRDataObjectID>AlertID_1</ccr:CCRDataObjectID>
				<ccr:DateTime>
					<ccr:ApproximateDateTime>
						<ccr:Text>3/27/07</ccr:Text>
					</ccr:ApproximateDateTime>
				</ccr:DateTime>
				<ccr:Type>
					<ccr:Text>Drug Allergy</ccr:Text>
					<ccr:Code>
						<ccr:Value>416098002</ccr:Value>
						<ccr:CodingSystem>SNOMED CT</ccr:CodingSystem>
					</ccr:Code>
				</ccr:Type>
				<ccr:Description>
					<ccr:Text>Aspirin allergy</ccr:Text>
					<ccr:Code>
						<ccr:Value>293586001</ccr:Value>
						<ccr:CodingSystem>SNOMED CT</ccr:CodingSystem>
					</ccr:Code>
				</ccr:Description>
				<ccr:Status>
					<ccr:Text>Active</ccr:Text>
				</ccr:Status>
				<ccr:Source>
					<ccr:Actor>
						<ccr:ActorID>AuthorID_01</ccr:ActorID>
					</ccr:Actor>
				</ccr:Source>
				<ccr:Agent>
					<ccr:Products>
						<ccr:Product>
							<ccr:CCRDataObjectID/>
							<ccr:Source/>
							<ccr:Product>
								<ccr:ProductName>
									<ccr:Text>Aspirin</ccr:Text>
									<ccr:Code>
										<ccr:Value>1191</ccr:Value>
										<ccr:CodingSystem>RxNorm</ccr:CodingSystem>
									</ccr:Code>
								</ccr:ProductName>
							</ccr:Product>
						</ccr:Product>
					</ccr:Products>
				</ccr:Agent>
				<ccr:Reaction>
					<ccr:Description>
						<ccr:Text>Wheezing</ccr:Text>
					</ccr:Description>
				</ccr:Reaction>
			</ccr:Alert>
		
  	<ccr:Alert>
				<ccr:CCRDataObjectID>AlertID_2</ccr:CCRDataObjectID>
				<ccr:DateTime>
					<ccr:ApproximateDateTime>
						<ccr:Text>5/20/99</ccr:Text>
					</ccr:ApproximateDateTime>
				</ccr:DateTime>
				<ccr:Type>
					<ccr:Text>Drug Allergy</ccr:Text>
					<ccr:Code>
						<ccr:Value>416098002</ccr:Value>
						<ccr:CodingSystem>SNOMED CT</ccr:CodingSystem>
					</ccr:Code>
				</ccr:Type>
				<ccr:Description>
					<ccr:Text>Sulfonamides allergy</ccr:Text>
					<ccr:Code>
						<ccr:Value>91939003</ccr:Value>
						<ccr:CodingSystem>SNOMED CT</ccr:CodingSystem>
					</ccr:Code>
				</ccr:Description>
				<ccr:Status>
					<ccr:Text>Active</ccr:Text>
				</ccr:Status>
				<ccr:Source>
					<ccr:Actor>
						<ccr:ActorID>AuthorID_01</ccr:ActorID>
					</ccr:Actor>
				</ccr:Source>
				<ccr:Agent>
					<ccr:Products>
						<ccr:Product>
							<ccr:CCRDataObjectID/>
							<ccr:Source/>
							<ccr:Product>
								<ccr:ProductName>
									<ccr:Text>Sulfonamides</ccr:Text>
									<ccr:Code>
										<ccr:Value>10215</ccr:Value>
										<ccr:CodingSystem>RxNorm</ccr:CodingSystem>
									</ccr:Code>
								</ccr:ProductName>
							</ccr:Product>
						</ccr:Product>
					</ccr:Products>
				</ccr:Agent>
				<ccr:Reaction>
					<ccr:Description>
						<ccr:Text>Hives, photosensitivity</ccr:Text>
					</ccr:Description>
				</ccr:Reaction>
			</ccr:Alert>
		</ccr:Alerts>

		<ccr:Medications>

                          <ccr:Medication>
				<ccr:CCRDataObjectID>MedID_01</ccr:CCRDataObjectID>
				<ccr:DateTime>
					<ccr:ApproximateDateTime>
						<ccr:Text>2/22/2008</ccr:Text>
					</ccr:ApproximateDateTime>
				</ccr:DateTime>
				<ccr:Status>
					<ccr:Text>Active</ccr:Text>
				</ccr:Status>
				<ccr:Source>
					<ccr:Actor>
						<ccr:ActorID>AuthorID_01</ccr:ActorID>
					</ccr:Actor>
				</ccr:Source>
				<ccr:Product>
					<ccr:ProductName>
						<ccr:Text>lisinopril</ccr:Text>
						<ccr:Code>
							<ccr:Value>205326</ccr:Value>
							<ccr:CodingSystem>RxNorm</ccr:CodingSystem>
						</ccr:Code>
					</ccr:ProductName>
					<ccr:BrandName>
						<ccr:Text>Zestril</ccr:Text>
					</ccr:BrandName>
					<ccr:Strength>
						<ccr:Value>30</ccr:Value>
						<ccr:Units>
							<ccr:Unit>mg</ccr:Unit>
						</ccr:Units>
					</ccr:Strength>
					<ccr:Form>
						<ccr:Text>Tablet</ccr:Text>
					</ccr:Form>
				</ccr:Product>
				<ccr:Directions>
					<ccr:Direction>
						<ccr:Frequency>
							<ccr:Value>1 tab QD PO</ccr:Value>
						</ccr:Frequency>
					</ccr:Direction>
				</ccr:Directions>
				<ccr:PatientInstructions>
					<ccr:Instruction>
						<ccr:Text>1 tablet by mouth 1 per day</ccr:Text>
					</ccr:Instruction>
				</ccr:PatientInstructions>
			</ccr:Medication>



                          <ccr:Medication>
				<ccr:CCRDataObjectID>MedID_02</ccr:CCRDataObjectID>
				<ccr:DateTime>
					<ccr:ApproximateDateTime>
						<ccr:Text>2/22/08</ccr:Text>
					</ccr:ApproximateDateTime>
				</ccr:DateTime>
				<ccr:Status>
					<ccr:Text>Active</ccr:Text>
				</ccr:Status>
				<ccr:Source>
					<ccr:Actor>
						<ccr:ActorID>AuthorID_01</ccr:ActorID>
					</ccr:Actor>
				</ccr:Source>
				<ccr:Product>
					<ccr:ProductName>
						<ccr:Text>spironolactone</ccr:Text>
                                <ccr:Code>
							<ccr:Value>200820</ccr:Value>
							<ccr:CodingSystem>RxNorm</ccr:CodingSystem>
						</ccr:Code>
					</ccr:ProductName>
					<ccr:BrandName>
						<ccr:Text>Aldactone</ccr:Text>						
					</ccr:BrandName>
					<ccr:Strength>
						<ccr:Value>25</ccr:Value>
						<ccr:Units>
							<ccr:Unit>mg</ccr:Unit>
						</ccr:Units>
					</ccr:Strength>
					<ccr:Form>
						<ccr:Text>Tablet</ccr:Text>
					</ccr:Form>
				</ccr:Product>
				<ccr:Directions>
					<ccr:Direction>
						<ccr:Frequency>
							<ccr:Value>1 tab QID PO</ccr:Value>
						</ccr:Frequency>
					</ccr:Direction>
				</ccr:Directions>
				<ccr:PatientInstructions>
					<ccr:Instruction>
						<ccr:Text>1 tablet by mouth 4 times per day</ccr:Text>
					</ccr:Instruction>
				</ccr:PatientInstructions>
			</ccr:Medication>

                         <ccr:Medication>
				<ccr:CCRDataObjectID>MedID_03</ccr:CCRDataObjectID>
				<ccr:DateTime>
					<ccr:ApproximateDateTime>
						<ccr:Text>2/22/08</ccr:Text>
					</ccr:ApproximateDateTime>
				</ccr:DateTime>
				<ccr:Status>
					<ccr:Text>Active</ccr:Text>
				</ccr:Status>
				<ccr:Source>
					<ccr:Actor>
						<ccr:ActorID>AuthorID_01</ccr:ActorID>
					</ccr:Actor>
				</ccr:Source>
				<ccr:Product>
					<ccr:ProductName>
						<ccr:Text>digoxin</ccr:Text>
						<ccr:Code>
							<ccr:Value>309888</ccr:Value>
							<ccr:CodingSystem>RxNorm</ccr:CodingSystem>
						</ccr:Code>
					</ccr:ProductName>
					<ccr:BrandName>
						<ccr:Text>Lanoxin</ccr:Text>
					</ccr:BrandName>
					<ccr:Strength>
						<ccr:Value>125</ccr:Value>
						<ccr:Units>
							<ccr:Unit>mcg</ccr:Unit>
						</ccr:Units>
					</ccr:Strength>
					<ccr:Form>
						<ccr:Text>Tablet</ccr:Text>
					</ccr:Form>
				</ccr:Product>
				<ccr:Directions>
					<ccr:Direction>
						<ccr:Frequency>
							<ccr:Value>1 tab QD PO</ccr:Value>
						</ccr:Frequency>
					</ccr:Direction>
				</ccr:Directions>
				<ccr:PatientInstructions>
					<ccr:Instruction>
						<ccr:Text>1 tablet by mouth 1 per day</ccr:Text>
					</ccr:Instruction>
				</ccr:PatientInstructions>			
                          </ccr:Medication>
	
                </ccr:Medications>


         <ccr:Results>
			<ccr:Result>
				<ccr:CCRDataObjectID>ResultID_01</ccr:CCRDataObjectID>
				<ccr:DateTime>
					<ccr:ApproximateDateTime>
						<ccr:Text>2/24/10</ccr:Text>
					</ccr:ApproximateDateTime>
				</ccr:DateTime>
				<ccr:Type>
					<ccr:Text>Chemistry</ccr:Text>
				</ccr:Type>
				<ccr:Description>
					<ccr:Text>Sodium</ccr:Text>
					<ccr:Code>
						<ccr:Value>2951-2</ccr:Value>
						<ccr:CodingSystem>LOINC</ccr:CodingSystem>
					</ccr:Code>
				</ccr:Description>
				<ccr:Source>
					<ccr:Actor>
						<ccr:ActorID>AuthorID_01</ccr:ActorID>
					</ccr:Actor>
				</ccr:Source>
				<ccr:Test>
					<ccr:CCRDataObjectID/>
					<ccr:Description>
						<ccr:Text>Sodium</ccr:Text>
						<ccr:Code>
							<ccr:Value>2951-2</ccr:Value>
							<ccr:CodingSystem>LOINC</ccr:CodingSystem>
						</ccr:Code>
					</ccr:Description>
					<ccr:Status>
						<ccr:Text>final result</ccr:Text>
					</ccr:Status>
					<ccr:Source/>
					<ccr:TestResult>
						<ccr:Value>140</ccr:Value>
						<ccr:Units>
							<ccr:Unit>mg/dl</ccr:Unit>
						</ccr:Units>
					</ccr:TestResult>
					<ccr:NormalResult>
						<ccr:Normal>
							<ccr:Value>135 - 146</ccr:Value>
							<ccr:Units>
								<ccr:Unit>mg/dl</ccr:Unit>
							</ccr:Units>
							<ccr:Source/>
						</ccr:Normal>
					</ccr:NormalResult>
				</ccr:Test>
			</ccr:Result>
			<ccr:Result>
				<ccr:CCRDataObjectID>ResultID_02</ccr:CCRDataObjectID>
				<ccr:DateTime>
					<ccr:ApproximateDateTime>
						<ccr:Text>2/24/10</ccr:Text>
					</ccr:ApproximateDateTime>
				</ccr:DateTime>
				<ccr:Type>
					<ccr:Text>Chemistry</ccr:Text>
				</ccr:Type>
				<ccr:Description>
					<ccr:Text>Potassium</ccr:Text>
					<ccr:Code>
						<ccr:Value>2823-3</ccr:Value>
						<ccr:CodingSystem>LOINC</ccr:CodingSystem>
					</ccr:Code>
				</ccr:Description>
				<ccr:Source>
					<ccr:Actor>
						<ccr:ActorID>AuthorID_01</ccr:ActorID>
					</ccr:Actor>
				</ccr:Source>
				<ccr:Test>
					<ccr:CCRDataObjectID/>
					<ccr:Description>
						<ccr:Text>Potassium</ccr:Text>
						<ccr:Code>
							<ccr:Value>2823-3</ccr:Value>
							<ccr:CodingSystem>LOINC</ccr:CodingSystem>
						</ccr:Code>
					</ccr:Description>
					<ccr:Status>
						<ccr:Text>final result</ccr:Text>
					</ccr:Status>
					<ccr:Source/>
					<ccr:TestResult>
						<ccr:Value>4.5</ccr:Value>
						<ccr:Units>
							<ccr:Unit>mg/dl</ccr:Unit>
						</ccr:Units>
					</ccr:TestResult>
					<ccr:NormalResult>
						<ccr:Normal>
							<ccr:Value>3.5 - 5.3</ccr:Value>
							<ccr:Units>
								<ccr:Unit>mg/dl</ccr:Unit>
							</ccr:Units>
							<ccr:Source/>
						</ccr:Normal>
					</ccr:NormalResult>
				</ccr:Test>
			</ccr:Result>
		

                            <ccr:Result>
				<ccr:CCRDataObjectID>ResultID_03</ccr:CCRDataObjectID>
				<ccr:DateTime>
					<ccr:ApproximateDateTime>
						<ccr:Text>2/16/10</ccr:Text>
					</ccr:ApproximateDateTime>
				</ccr:DateTime>
				<ccr:Type>
					<ccr:Text>Imaging - X-ray</ccr:Text>
				</ccr:Type>
				<ccr:Description>
					<ccr:Text>Chest X-ray, PA</ccr:Text>
					<ccr:Code>
						<ccr:Value>24648-8</ccr:Value>
						<ccr:CodingSystem>LOINC</ccr:CodingSystem>
					</ccr:Code>					
				</ccr:Description>
				<ccr:Source>
					<ccr:Actor>
						<ccr:ActorID>AuthorID_01</ccr:ActorID>
					</ccr:Actor>
				</ccr:Source>
				<ccr:Test>
					<ccr:CCRDataObjectID/>
					<ccr:Description>
						<ccr:Text>Chest X-ray, PA</ccr:Text>
						<ccr:Code>
							<ccr:Value>24648-8</ccr:Value>
							<ccr:CodingSystem>LOINC</ccr:CodingSystem>
						</ccr:Code>
					</ccr:Description>
					<ccr:Status>
						<ccr:Text>final result</ccr:Text>
					</ccr:Status>
					<ccr:Source/>
					<ccr:TestResult>
						<ccr:Description>
							<ccr:Text>Enlarged cardiac silhouette lung fields clear</ccr:Text>
						</ccr:Description>
					</ccr:TestResult>
				</ccr:Test>
			</ccr:Result>
		
                      <ccr:Result>
				<ccr:CCRDataObjectID>ResultID_04</ccr:CCRDataObjectID>
				<ccr:DateTime>
					<ccr:ApproximateDateTime>
						<ccr:Text>2/15/10</ccr:Text>
					</ccr:ApproximateDateTime>
				</ccr:DateTime>
				<ccr:Type>
					<ccr:Text>Imaging - X-ray</ccr:Text>
				</ccr:Type>
				<ccr:Description>
					<ccr:Text>Electrocardiogram</ccr:Text>
					<ccr:Code>
						<ccr:Value>34534-8</ccr:Value>
						<ccr:CodingSystem>LOINC</ccr:CodingSystem>
					</ccr:Code>
				</ccr:Description>
				<ccr:Source>
					<ccr:Actor>
						<ccr:ActorID>AuthorID_01</ccr:ActorID>
					</ccr:Actor>
				</ccr:Source>
				<ccr:Test>
					<ccr:CCRDataObjectID/>
					<ccr:Description>
						<ccr:Text>Electrocardiogram</ccr:Text>
						<ccr:Code>
							<ccr:Value>34534-8</ccr:Value>
							<ccr:CodingSystem>LOINC</ccr:CodingSystem>
						</ccr:Code>
					</ccr:Description>
					<ccr:Status>
						<ccr:Text>final result</ccr:Text>
					</ccr:Status>
					<ccr:Source/>
					<ccr:TestResult>
						<ccr:Description>
							<ccr:Text>Normal Sinus Rhythm</ccr:Text>
						</ccr:Description>
					</ccr:TestResult>
				</ccr:Test>
			</ccr:Result>
		

		<ccr:Result>
				<ccr:CCRDataObjectID>ResultID_05</ccr:CCRDataObjectID>
				<ccr:DateTime>
					<ccr:ApproximateDateTime>
						<ccr:Text>2/17/10</ccr:Text>
					</ccr:ApproximateDateTime>
				</ccr:DateTime>
				<ccr:Type>
					<ccr:Text>Hematology</ccr:Text>
				</ccr:Type>
				<ccr:Description>
					<ccr:Text>Hemoglobin</ccr:Text>
					<ccr:Code>
						<ccr:Value>718-7</ccr:Value>
						<ccr:CodingSystem>LOINC</ccr:CodingSystem>
					</ccr:Code>
				</ccr:Description>
				<ccr:Source>
					<ccr:Actor>
						<ccr:ActorID>AuthorID_01</ccr:ActorID>
					</ccr:Actor>
				</ccr:Source>
				<ccr:Test>
					<ccr:CCRDataObjectID/>
					<ccr:Description>
						<ccr:Text>Hemoglobin</ccr:Text>
						<ccr:Code>
							<ccr:Value>718-7</ccr:Value>
							<ccr:CodingSystem>LOINC</ccr:CodingSystem>
						</ccr:Code>
					</ccr:Description>
					<ccr:Status>
						<ccr:Text>Completed</ccr:Text>
					</ccr:Status>
					<ccr:Source/>
					<ccr:TestResult>
						<ccr:Value>16</ccr:Value>
						<ccr:Units>
							<ccr:Unit>g/dl</ccr:Unit>
						</ccr:Units>
					</ccr:TestResult>
					<ccr:NormalResult>
						<ccr:Normal>
							<ccr:Value>12 - 16</ccr:Value>
							<ccr:Units>
								<ccr:Unit>g/dl</ccr:Unit>
							</ccr:Units>
							<ccr:Source/>
						</ccr:Normal>
					</ccr:NormalResult>
				</ccr:Test>
			</ccr:Result>
			<ccr:Result>
				<ccr:CCRDataObjectID>ResultID_06</ccr:CCRDataObjectID>
				<ccr:DateTime>
					<ccr:ApproximateDateTime>
						<ccr:Text>2/17/10</ccr:Text>
					</ccr:ApproximateDateTime>
				</ccr:DateTime>
				<ccr:Type>
					<ccr:Text>Hematology</ccr:Text>
				</ccr:Type>
				<ccr:Description>
					<ccr:Text>Hematocrit</ccr:Text>
					<ccr:Code>
						<ccr:Value>4544-3</ccr:Value>
						<ccr:CodingSystem>LOINC</ccr:CodingSystem>
					</ccr:Code>
				</ccr:Description>
				<ccr:Source>
					<ccr:Actor>
						<ccr:ActorID>AuthorID_01</ccr:ActorID>
					</ccr:Actor>
				</ccr:Source>
				<ccr:Test>
					<ccr:CCRDataObjectID/>
					<ccr:Description>
						<ccr:Text>Hematocrit</ccr:Text>
						<ccr:Code>
							<ccr:Value/>
							<ccr:CodingSystem>LOINC</ccr:CodingSystem>
						</ccr:Code>
					</ccr:Description>
					<ccr:Status>
						<ccr:Text>Completed</ccr:Text>
					</ccr:Status>
					<ccr:Source/>
					<ccr:TestResult>
						<ccr:Value>45</ccr:Value>
						<ccr:Units>
							<ccr:Unit>%</ccr:Unit>
						</ccr:Units>
					</ccr:TestResult>
					<ccr:NormalResult>
						<ccr:Normal>
							<ccr:Value>36 - 48</ccr:Value>
							<ccr:Units>
								<ccr:Unit>%</ccr:Unit>
							</ccr:Units>
							<ccr:Source/>
						</ccr:Normal>
					</ccr:NormalResult>
				</ccr:Test>
			</ccr:Result>
          </ccr:Results>
		
                 
          
	</ccr:Body>
	<ccr:Actors>
		<ccr:Actor>
			<ccr:ActorObjectID>PatientID_1</ccr:ActorObjectID>
			<ccr:Person>
				<ccr:Name>
					<ccr:BirthName>
						<ccr:Given>Alice</ccr:Given>
						<ccr:Family>Sharpe</ccr:Family>
					</ccr:BirthName>
				</ccr:Name>
				<ccr:DateOfBirth>
					<ccr:ExactDateTime>1959-09-19T16:15:00-10:00</ccr:ExactDateTime>
				</ccr:DateOfBirth>
				<ccr:Gender>
					<ccr:Text>Female</ccr:Text>
					<ccr:Code>
						<ccr:Value>F</ccr:Value>
						<ccr:CodingSystem>HL7 AdministrativeGender</ccr:CodingSystem>
					</ccr:Code>
				</ccr:Gender>
			</ccr:Person>
			<ccr:IDs>
				<ccr:ID>982255998</ccr:ID>
				<ccr:IssuedBy>
					<ccr:ActorID>ClinicID_01</ccr:ActorID>
					<ccr:ActorRole>
						<ccr:Text>Medical Record Number Generator</ccr:Text>
					</ccr:ActorRole>
				</ccr:IssuedBy>
				<ccr:Source/>
			</ccr:IDs>
			<ccr:Address>
				<ccr:Line1>6758 Street</ccr:Line1>
				<ccr:City>Flint</ccr:City>
				<ccr:State>Michigan</ccr:State>
				<ccr:PostalCode>48503</ccr:PostalCode>
			</ccr:Address>
			<ccr:Telephone>
				<ccr:Value>+1-810-673-8378</ccr:Value>
			</ccr:Telephone>
			<ccr:Source/>
		</ccr:Actor>
		<ccr:Actor>
			<ccr:ActorObjectID>AuthorID_01</ccr:ActorObjectID>
			<ccr:Person>
				<ccr:Name>
					<ccr:BirthName>
						<ccr:Given>Jennifer</ccr:Given>
						<ccr:Family>Green</ccr:Family>
						<ccr:Suffix>MD</ccr:Suffix>
					</ccr:BirthName>
				</ccr:Name>
			</ccr:Person>
			<ccr:Address>
				<ccr:Line1>5544 Sutter Street</ccr:Line1>
				<ccr:City>Williamsport</ccr:City>
				<ccr:State>PA</ccr:State>
				<ccr:PostalCode>17701</ccr:PostalCode>
			</ccr:Address>
			<ccr:Telephone>
				<ccr:Value>+1-301-975-3260</ccr:Value>
			</ccr:Telephone>
			<ccr:Source/>
		</ccr:Actor>
		<ccr:Actor>
			<ccr:ActorObjectID>RecipientID_01</ccr:ActorObjectID>
			<ccr:Person>
				<ccr:Name>
					<ccr:BirthName>
						<ccr:Given>Interested</ccr:Given>
						<ccr:Family>AnyPerson</ccr:Family>
					</ccr:BirthName>
				</ccr:Name>
			</ccr:Person>
			<ccr:Source/>
		</ccr:Actor>
		<ccr:Actor>
			<ccr:ActorObjectID>ManufID_1</ccr:ActorObjectID>
			<ccr:Organization>
				<ccr:Name>GLAXOSMITHKLINE</ccr:Name>
			</ccr:Organization>
			<ccr:Source/>
		</ccr:Actor>
		<ccr:Actor>
			<ccr:ActorObjectID>ManufID_2</ccr:ActorObjectID>
			<ccr:Organization>
				<ccr:Name>Merck</ccr:Name>
			</ccr:Organization>
			<ccr:Source/>
		</ccr:Actor>
		<ccr:Actor>
			<ccr:ActorObjectID>ClinicID_01</ccr:ActorObjectID>
			<ccr:Organization>
				<ccr:Name>Metropolitan Clinic</ccr:Name>
			</ccr:Organization>
			<ccr:Address>
				<ccr:Line1>5544 Sutter Street</ccr:Line1>
				<ccr:City>Williamsport</ccr:City>
				<ccr:State>PA</ccr:State>
				<ccr:PostalCode>17701</ccr:PostalCode>
			</ccr:Address>
			<ccr:Source/>
		</ccr:Actor>
			</ccr:Actors>
</ccr:ContinuityOfCareRecord>
